Id,NAME,ADDRESS,CITY,STATE,ZIP,PHONE,UTILIZATION
ef58ea08-d883-3957-8300-150554edc8fb,HEALTHALLIANCE HOSPITALS  INC,60 HOSPITAL ROAD,LEOMINSTER,MA,01453,9784662000,2169
69176529-fd1f-3b3f-abce-a0a3626769eb,MOUNT AUBURN HOSPITAL,330 MOUNT AUBURN STREET,CAMBRIDGE,MA,02138,6174923500,2352
5e765f2b-e908-3888-9fc7-df2cb87beb58,STURDY MEMORIAL HOSPITAL,211 PARK STREET,ATTLEBORO,MA,02703,5082225200,2033
f1fbcbfb-fcfa-3bd2-b7f4-df20f1b3c3a4,LAWRENCE GENERAL HOSPITAL,ONE GENERAL STREET,LAWRENCE,MA,01842,9786834000,2899
e002090d-4e92-300e-b41e-7d1f21dee4c6,CAMBRIDGE HEALTH ALLIANCE,1493 CAMBRIDGE STREET,CAMBRIDGE,MA,02138,6176652300,3245
ef6ab57c-ed94-3dbe-9861-812d515918b3,CAPE COD HOSPITAL,88 LEWIS BAY ROAD,HYANNIS,MA,02601,5087711800,1849
49318f80-bd8b-3fc7-a096-ac43088b0c12,COOLEY DICKINSON HOSPITAL INC THE,30 LOCUST STREET,NORTHAMPTON,MA,01060,4135822000,607
fbf6180e-b800-3ebe-b91d-93d0288c400e,BAYSTATE FRANKLIN MEDICAL CENTER,164 HIGH STREET,GREENFIELD,MA,01301,4137730211,451
8b58cdd1-3d79-3126-8fe0-da2c54d6805c,CARNEY HOSPITAL,2100 DORCHESTER AVENUE,BOSTON,MA,02124,6175062000,646
4bdaa4c2-c664-3089-aee2-7137abbad27f,HARRINGTON MEMORIAL HOSPITAL-1,100 SOUTH STREET,SOUTHBRIDGE,MA,01550,5087659771,1231
ecc51621-0af3-3b35-ac3e-8b1e34022e92,SAINT ANNE'S HOSPITAL,795 MIDDLE STREET,FALL RIVER,MA,02721,5086745600,4106
5d4b9df1-93ae-3bc9-b680-03249990e558,HOLYOKE MEDICAL CENTER,575 BEECH STREET,HOLYOKE,MA,01040,4135342500,1627
37b4d73f-652d-3033-a16e-d97b9e8b4cda,ANNA JAQUES HOSPITAL,25 HIGHLAND AVENUE,NEWBURYPORT,MA,01950,9784631000,851
5844ad77-f653-3c2b-b7dd-e97576ab3b03,BAYSTATE WING HOSPITAL AND MEDICAL CENTERS,40 WRIGHT STREET,PALMER,MA,01069,4132837651,1335
08bcda9c-f8c8-3244-82d4-fc306a7a55d3,BOSTON MEDICAL CENTER CORPORATION-,1 BOSTON MEDICAL CENTER PLACE,BOSTON,MA,02118,6176388000,1764
37c0de84-bcaf-3624-82bf-a89b2ac441b8,BEVERLY HOSPITAL CORPORATION,85 HERRICK STREET,BEVERLY,MA,01915,9789223000,2723
4861d01f-019c-3dac-a153-8334e50919f9,NORTH SHORE MEDICAL CENTER -,81 HIGHLAND AVENUE,SALEM,MA,01970,9787411215,3489
a0b6ec0c-e587-3b2a-bf9f-248849f29ee5,ST ELIZABETH'S MEDICAL CENTER,736 CAMBRIDGE STREET,BRIGHTON,MA,02135,6177893000,1052
4f3a530e-a2f7-3de0-9a09-c0a70a9ab894,BERKSHIRE MEDICAL CENTER INC - 1,725 NORTH STREET,PITTSFIELD,MA,01201,4134472000,1859
f71ce1a9-cca7-3295-9a1e-c88ac3479b6f,MARLBOROUGH HOSPITAL,157 UNION STREET,MARLBOROUGH,MA,01752,5084815000,1844
c44f361c-2efb-3050-8f97-0354a12e2920,SIGNATURE HEALTHCARE BROCKTON HOSPITAL,680 CENTER STREET,BROCKTON,MA,02302,5089417000,2660
331f4c11-d298-308b-aaa1-d7825b29b57f,CLINTON HOSPITAL ASSOCIATION,201 HIGHLAND STREET,CLINTON,MA,01510,9783683000,300
b1ddf812-1fdd-3adf-b1d5-32cc8bd07ebb,BETH ISRAEL DEACONESS HOSPITAL - PLYMOUTH,275 SANDWICH STREET,PLYMOUTH,MA,02360,5087462000,3107
6be05ccf-ef94-341f-a2a3-1cf9bfde1b18,ADCARE HOSPITAL OF WORCESTER INC,107 LINCOLN STREET,WORCESTER,MA,01605,5087999000,880
b0e04623-b02c-3f8b-92ea-943fc4db60da,LOWELL GENERAL HOSPITAL,295 VARNUM AVENUE,LOWELL,MA,01854,9789376000,4786
ebc3f5c4-6700-34af-8323-85621c313726,NOBLE HOSPITAL,115 WEST SILVER STREET,WESTFIELD,MA,01085,4135682811,988
fd328395-ab1d-35c6-a2d0-d05a9a79cf11,MERCY MEDICAL CTR,271 CAREW STREET,SPRINGFIELD,MA,01104,4137489000,1840
d692e283-0833-3201-8e55-4f868a9c0736,HALLMARK HEALTH SYSTEM,585 LEBANON STREET,MELROSE,MA,02176,7819793000,5564
d78e84ec-30aa-3bba-a33a-f29a3a454662,MASSACHUSETTS GENERAL HOSPITAL,55 FRUIT STREET,BOSTON,MA,02114,6177262000,717
8ad64ecf-c817-3753-bee7-006a8e662e06,MORTON HOSPITAL,88 WASHINGTON STREET,TAUNTON,MA,02780,5088287000,2617
23834663-ed53-3da9-b330-d6e1ecb8428e,SOUTHCOAST HOSPITAL GROUP  INC,363 HIGHLAND AVENUE,FALL RIVER,MA,02720,5086793131,2693
44bef9d3-91c2-3005-93e0-ccf436348ff0,MASSACHUSETTS EYE AND EAR INFIRMARY -,243 CHARLES STREET,BOSTON,MA,02114,6175237900,601
60457c13-adb2-3415-82c5-86ab5dab5f93,BAYSTATE MEDICAL CENTER,759 CHESTNUT STREET,SPRINGFIELD,MA,01199,4137940000,2037
a9f20dc1-5147-3789-bcef-bbecb41c5983,HOLY FAMILY HOSPITAL,70 EAST STREET,METHUEN,MA,01844,9786870156,1996
7fb56531-86bd-3e4a-8619-4df9942da309,BETH ISRAEL DEACONESS HOSPITAL - NEEDHAM,148 CHESTNUT STREET,NEEDHAM,MA,02494,7814533002,1341
03347b4d-994e-302b-848b-58019a4e274d,EMERSON HOSPITAL -,133 OLD ROAD TO 9 ACRE CORNER,W CONCORD,MA,01742,9783691400,2596
cb6a50e0-af76-3758-99ad-3200ede03fff,BETH ISRAEL DEACONESS MEDICAL CENTER,330 BROOKLINE AVENUE,BOSTON,MA,02215,6176677000,975
9a7149fa-49fc-3c87-b935-d29c55808717,NEW ENGLAND BAPTIST HOSPITAL,125 PARKER HILL AVENUE,BOSTON,MA,02120,6177545800,1389
24cb4eab-6166-3530-bddc-a5a8a14a4fc1,MILFORD REGIONAL MEDICAL CENTER,14 PROSPECT STREET,MILFORD,MA,01757,5084731190,2942
e44f438a-601b-30fb-85eb-bfaf8ddcb5ad,HEYWOOD HOSPITAL -,242 GREEN STREET,GARDNER,MA,01440,9786323420,1603
ac8356a5-78f8-3a63-8a1e-59e832fd54e7,NASHOBA VALLEY MEDICAL CENTER,200 GROTON ROAD,AYER,MA,01432,9787849000,2129
db0acede-4abe-3c01-8d03-5c68a190d8c7,SOUTH SHORE HOSPITAL,55 FOGG ROAD,SOUTH WEYMOUTH,MA,02190,7813408000,763
3d10019f-c88e-3de5-9916-6107b9c0263d,NEWTON-WELLESLEY HOSPITAL,2014 WASHINGTON STREET,NEWTON,MA,02462,6172436000,2802
f4e7709c-02f6-37ca-aeea-8247d74e88e7,WINCHESTER HOSPITAL,41 HIGHLAND AVENUE,WINCHESTER,MA,01890,7817299000,3529
12c9daf5-a29c-36c9-ac55-28972463e566,BETH ISRAEL DEACONESS HOSPITAL-MILTON INC,199 REEDSDALE ROAD,MILTON,MA,02186,6176964600,1049
27379046-608b-32f0-9df7-8c833cf5d11d,BRIGHAM AND WOMEN'S HOSPITAL,75 FRANCIS STREET,BOSTON,MA,02115,6177325500,1938
226098a2-6a40-3588-b5bb-db56c3a30a04,GOOD SAMARITAN MEDICAL CENTER,235 NORTH PEARL STREET,BROCKTON,MA,02301,5084273000,3065
b7175ab4-bde5-3848-891b-579bccb77c7c,TUFTS MEDICAL CENTER,800 WASHINGTON STREET,BOSTON,MA,02111,6176365000,1250
d733d4a9-080d-3593-b910-2366e652b7ea,BRIGHAM AND WOMEN'S FAULKNER HOSPITAL,1153 CENTRE STREET,BOSTON,MA,02130,6179837000,909
3bd5eda0-16da-3ba5-8500-4dfd6ae118b8,NORWOOD HOSPITAL,800 WASHINGTON STREET,NORWOOD,MA,02062,5087721000,3432
d5117822-5756-389d-9547-891a372d580f,FALMOUTH HOSPITAL,67 & 100 TER HEUN DRIVE,FALMOUTH,MA,02540,5085485300,4082
f99c74cc-7d1a-3f95-9a33-4a9357bf2f2a,UMASS MEMORIAL MEDICAL CENTER INC,55 LAKE AVENUE NORTH,WORCESTER,MA,01655,5083341000,1218
6f122869-a856-3d65-8db9-099bf4f5bbb8,LAHEY HOSPITAL & MEDICAL CENTER  BURLINGTON,41 & 45 MALL ROAD,BURLINGTON,MA,01803,7817445100,2490
465de31f-3098-365c-af70-48a071e1f5aa,METROWEST MEDICAL CENTER,115 LINCOLN STREET,FRAMINGHAM,MA,01701,5083831000,2373
1eaf97fa-9de6-38de-a9c4-6efe5dc574be,ST VINCENT HOSPITAL,123 SUMMER STREET,WORCESTER,MA,01608,5083635000,1316
80e919cc-df1a-3838-b75e-541564a286e5,NANTUCKET COTTAGE HOSPITAL,57 PROSPECT STREET,NANTUCKET,MA,02554,5082281200,567
8e00f524-3a5f-313e-9542-378dfc61193f,MARTHA'S VINEYARD HOSPITAL INC,ONE HOSPITAL ROAD  FIRST FL  WING 5   PO BOX 1477,OAK BLUFFS,MA,02557,5086930410,511
56e0b3b3-4fac-3776-8fc9-7b465eb2fc17,FAIRVIEW HOSPITAL,29 LEWIS AVENUE,GREAT BARRINGTON,MA,01230,4135280790,259
161a799c-4894-36f6-8ca7-2a71c8107f79,ATHOL MEMORIAL HOSPITAL,2033 MAIN STREET,ATHOL,MA,01331,9782493511,959
956ccb85-bea0-30f9-af48-52f5dd95ff72,FRANCISCAN CHILDREN'S HOSPITAL & REHAB CENTER,30 WARREN STREET,BRIGHTON,MA,02135,6172543800,905
d7b11827-25f2-350b-bcd8-939fc59851b0,BOSTON CHILDREN'S HOSPITAL,300 LONGWOOD AVENUE,BOSTON,MA,02115,6177356000,1551
5103c940-0c08-392f-95cd-446e0cea042a,SHRINERS' HOSPITAL FOR CHILDREN (THE),516 CAREW STREET,SPRINGFIELD,MA,01104,4137872000,1210
ff9863d3-3fa3-3861-900e-f00148f5d9c2,SHRINERS' HOSPITAL FOR CHILDREN - BOSTON  THE,51 BLOSSOM STREET,BOSTON,MA,02114,6177223000,1140
829a88e4-565e-3a38-a0a6-94ade6404a38,TRU MEDICAL WALK IN CLINIC,140 NAUSET STREET,NEW BEDFORD,MA,2746,508-990-8260,156
92819cdc-db9e-387e-8c4f-4b2b4e8b2e4f,SAINTS WALK-IN MEDICAL CENTER - URGENT CARE AND OCCUPATIONAL HEALTH,1230 BRIDGE STREET,LOWELL,MA,1850,978-459-2273,2
0d1563c1-d56c-362e-9e3d-d74463ebbe0f,URGENT CARE MEDICAL CLINIC,629 PLEASANT STREET,BROCKTON,MA,2301,508-583-0010,8
4e916854-3a59-3f17-bb16-7c406148d822,HANOVER FAMILY HEALTH AND URGENT CARE,1399 WASHINGTON STREET,HANOVER,MA,2339,781-829-1000,38
a76bda1d-f42d-3046-b8c6-021f3db0a086,WALK IN AND PRIMARY CARE,808 MAIN STREET,WALTHAM,MA,2451,781-894-8200,56
c63d0602-724d-3d74-958a-a31b1364eaef,HARVARD VANGUARD BRAINTREE PRACTICE URGENT CARE,111 GROSSMAN DRIVE,BRAINTREE,MA,2184,781-849-1000,27
cbbee84d-7644-3b24-9f41-e3747f5050df,FAMILY HEALTH CENTER,26 QUEEN STREET,WORCESTER,MA,1610,508-860-7777,2
e3f1676b-9b40-3544-af4e-17a06bbb98bb,CODMAN SQUARE HEALTH CENTER,637 WASHINGTON STREET,DORCHESTER,MA,2124,617-825-9660,1
a43fb751-96fe-3496-8750-73f85651866d,CONCENTRA URGENT CARE - WILMINGTON,66B CONCORD STREET,WILMINGTON,MA,1887,978-657-3826,23
b81688f5-bd0e-3c99-963f-860d3e90ab5d,URGENT CARE MEDICAL CLINIC,581 BOYLSTON STREET,BOSTON,MA,2116,617-247-1400,63
d672f853-e2a5-324e-98fa-c6d5f8dfc255,WALTHAM URGENT CARE,9 HOPE AVENUE,WALTHAM,MA,2453,617-243-5591,8
98d42012-384f-39d9-b210-cc654b9441f6,FONTAINE MEDICAL CENTER,525 LONG POND DRIVE,HARWICH,MA,2645,508-432-4100,136
b06770b5-b695-3c1a-9685-ae2223966ff7,GENERAL HEALTH CARE,66 SOUTH WASHINGTON STREET,NORTH ATTLEBORO,MA,2760,508-643-0100,60
9b5f23f1-c387-3a77-9359-752d26d7f997,FAMILY DOCTORS,250 PARADISE ROAD,SWAMPSCOTT,MA,1907,781-596-4150,108
0f7f97f6-693c-3de9-8190-85feaf4632e2,CONCENTRA URGENT CARE - EAST BOSTON,1 HARBORSIDE DRIVE,EAST BOSTON,MA,2128,617-568-6500,142
90cf148c-69ed-3d33-aa86-b509c6b0b25f,PROMPT CARE WALK-IN CLINIC,170 GOVERNORS AVENUE,MEDFORD,MA,2155,781-306-6180,158
