Id,ORGANIZATION,NAME,GENDER,SPECIALITY,ADDRESS,CITY,STATE,ZIP,UTILIZATION
2fa4e4e8-f16c-48bd-bf1d-d87ff43699d1,ef58ea08-d883-3957-8300-150554edc8fb,Noe Dibbert,M,GENERAL PRACTICE,60 HOSPITAL ROAD,LEOMINSTER,MA,01453,2169
2bbad96f-920e-4897-b8fd-2a8b8792fb08,69176529-fd1f-3b3f-abce-a0a3626769eb,Mariam Gleason,F,GENERAL PRACTICE,330 MOUNT AUBURN STREET,CAMBRIDGE,MA,02138,2352
64517e43-e4a4-4767-bbae-48b19ddd0508,5e765f2b-e908-3888-9fc7-df2cb87beb58,Dagny Schoen,F,GENERAL PRACTICE,211 PARK STREET,ATTLEBORO,MA,02703,2033
a25b554f-1bb6-4a32-a361-95d89bde518a,f1fbcbfb-fcfa-3bd2-b7f4-df20f1b3c3a4,Tyron Torphy,M,GENERAL PRACTICE,ONE GENERAL STREET,LAWRENCE,MA,01842,2899
54b696c2-0924-4945-bbad-4d19bd2e3a99,e002090d-4e92-300e-b41e-7d1f21dee4c6,Loren Fay,M,GENERAL PRACTICE,1493 CAMBRIDGE STREET,CAMBRIDGE,MA,02138,3245
d0dfc202-8e23-43e0-9372-898ad0d8465e,ef6ab57c-ed94-3dbe-9861-812d515918b3,Stanford Leannon,M,GENERAL PRACTICE,88 LEWIS BAY ROAD,HYANNIS,MA,02601,1849
0afdebd2-26de-4597-a10d-5f3f14abc411,49318f80-bd8b-3fc7-a096-ac43088b0c12,Antonia Stark,M,GENERAL PRACTICE,30 LOCUST STREET,NORTHAMPTON,MA,01060,607
6f356097-9170-49ab-9369-28362589ed12,fbf6180e-b800-3ebe-b91d-93d0288c400e,Pandora Weissnat,F,GENERAL PRACTICE,164 HIGH STREET,GREENFIELD,MA,01301,451
5d225cde-7b76-4488-9bd8-9938cc956d5e,8b58cdd1-3d79-3126-8fe0-da2c54d6805c,Felicitas Kub,F,GENERAL PRACTICE,2100 DORCHESTER AVENUE,BOSTON,MA,02124,646
e180e5fe-7b00-404a-a084-60ec781a9ce2,4bdaa4c2-c664-3089-aee2-7137abbad27f,Rashad Maggio,M,GENERAL PRACTICE,100 SOUTH STREET,SOUTHBRIDGE,MA,01550,1231
050e52a8-e6e7-45a2-a1b7-aabdd6238397,ecc51621-0af3-3b35-ac3e-8b1e34022e92,Isaac Upton,M,GENERAL PRACTICE,795 MIDDLE STREET,FALL RIVER,MA,02721,4106
26e78f82-e1ad-4e68-9149-ce8961b0d21f,5d4b9df1-93ae-3bc9-b680-03249990e558,Keeley Yundt,F,GENERAL PRACTICE,575 BEECH STREET,HOLYOKE,MA,01040,1627
60adc83f-31ba-4926-99fb-6762298cee05,37b4d73f-652d-3033-a16e-d97b9e8b4cda,Annette Legros,F,GENERAL PRACTICE,25 HIGHLAND AVENUE,NEWBURYPORT,MA,01950,851
3dd1179e-13db-4331-89d3-af1af428dffa,5844ad77-f653-3c2b-b7dd-e97576ab3b03,Avery Muller,M,GENERAL PRACTICE,40 WRIGHT STREET,PALMER,MA,01069,1335
257526f4-5153-45a4-a483-ea7be0eea849,08bcda9c-f8c8-3244-82d4-fc306a7a55d3,Del Williamson,M,GENERAL PRACTICE,1 BOSTON MEDICAL CENTER PLACE,BOSTON,MA,02118,1764
b4504860-8325-4a51-b69f-8892b0c609fe,37c0de84-bcaf-3624-82bf-a89b2ac441b8,Erlinda Franecki,F,GENERAL PRACTICE,85 HERRICK STREET,BEVERLY,MA,01915,2723
0e420e82-9a33-4c2b-8c4a-a23a9275cbe0,4861d01f-019c-3dac-a153-8334e50919f9,Sharyl Hilpert,F,GENERAL PRACTICE,81 HIGHLAND AVENUE,SALEM,MA,01970,3489
cf8dc55e-71db-469a-9e70-b8c8be5c6c07,a0b6ec0c-e587-3b2a-bf9f-248849f29ee5,Maryjo Osinski,F,GENERAL PRACTICE,736 CAMBRIDGE STREET,BRIGHTON,MA,02135,1052
b4712ccb-d41e-4f3a-8f81-543899eb4dcb,4f3a530e-a2f7-3de0-9a09-c0a70a9ab894,Lloyd Effertz,M,GENERAL PRACTICE,725 NORTH STREET,PITTSFIELD,MA,01201,1859
fee350f6-b446-4444-9290-45f772b89883,f71ce1a9-cca7-3295-9a1e-c88ac3479b6f,Giovanni Greenfelder,M,GENERAL PRACTICE,157 UNION STREET,MARLBOROUGH,MA,01752,1844
c5f812af-37cd-49b5-b682-fab413083c18,c44f361c-2efb-3050-8f97-0354a12e2920,Barry Nicolas,M,GENERAL PRACTICE,680 CENTER STREET,BROCKTON,MA,02302,2660
7b47a324-fb67-4491-9db7-3ef3834def46,331f4c11-d298-308b-aaa1-d7825b29b57f,Janean Walsh,F,GENERAL PRACTICE,201 HIGHLAND STREET,CLINTON,MA,01510,300
5d00861e-f425-43ac-a766-3150550e2dd6,b1ddf812-1fdd-3adf-b1d5-32cc8bd07ebb,Maricarmen Partida,F,GENERAL PRACTICE,275 SANDWICH STREET,PLYMOUTH,MA,02360,3107
a684e15d-f539-4023-9f38-c558929d1bb7,6be05ccf-ef94-341f-a2a3-1cf9bfde1b18,Racquel Hegmann,F,GENERAL PRACTICE,107 LINCOLN STREET,WORCESTER,MA,01605,880
2238d1ba-82a0-4962-af70-4b8a0e8f955b,b0e04623-b02c-3f8b-92ea-943fc4db60da,Ignacio Towne,M,GENERAL PRACTICE,295 VARNUM AVENUE,LOWELL,MA,01854,4786
8c53430e-0714-4d43-a688-69157e6ecfa9,ebc3f5c4-6700-34af-8323-85621c313726,Cecil Wisozk,F,GENERAL PRACTICE,115 WEST SILVER STREET,WESTFIELD,MA,01085,988
e13997c6-4873-44c5-b5f2-a8452d3c3d4e,fd328395-ab1d-35c6-a2d0-d05a9a79cf11,Peggie Bradtke,F,GENERAL PRACTICE,271 CAREW STREET,SPRINGFIELD,MA,01104,1840
30d50937-b17e-43e7-a83d-85d026e6bc92,d692e283-0833-3201-8e55-4f868a9c0736,Lane Jacobi,M,GENERAL PRACTICE,585 LEBANON STREET,MELROSE,MA,02176,5564
60570987-1b17-45e9-bf13-2a01fb8cb3f8,d78e84ec-30aa-3bba-a33a-f29a3a454662,Carol Weimann,F,GENERAL PRACTICE,55 FRUIT STREET,BOSTON,MA,02114,717
caff9e25-e5fb-43db-b6e5-4f5a192e0807,8ad64ecf-c817-3753-bee7-006a8e662e06,Jonah Schroeder,M,GENERAL PRACTICE,88 WASHINGTON STREET,TAUNTON,MA,02780,2617
6e2184ca-5967-431f-9d3a-5ec5386b8b6e,23834663-ed53-3da9-b330-d6e1ecb8428e,Miquel Hettinger,M,GENERAL PRACTICE,363 HIGHLAND AVENUE,FALL RIVER,MA,02720,2693
b9369f8e-b39f-4418-884e-7d57c5353b96,44bef9d3-91c2-3005-93e0-ccf436348ff0,Sara Angulo,F,GENERAL PRACTICE,243 CHARLES STREET,BOSTON,MA,02114,601
8de30e7e-78c3-4e4c-8893-9e06cb3e84a3,60457c13-adb2-3415-82c5-86ab5dab5f93,Shonta Sanford,F,GENERAL PRACTICE,759 CHESTNUT STREET,SPRINGFIELD,MA,01199,2037
35d52f2d-a5d5-4153-9e5e-7a4f33957db8,a9f20dc1-5147-3789-bcef-bbecb41c5983,Harrison Blick,M,GENERAL PRACTICE,70 EAST STREET,METHUEN,MA,01844,1996
9b7c2d80-d664-48a3-aa19-786eee0f4dfb,7fb56531-86bd-3e4a-8619-4df9942da309,Dolly Morissette,F,GENERAL PRACTICE,148 CHESTNUT STREET,NEEDHAM,MA,02494,1341
60761922-2abd-4389-9486-b673b2b61f22,03347b4d-994e-302b-848b-58019a4e274d,Samuel Predovic,M,GENERAL PRACTICE,133 OLD ROAD TO 9 ACRE CORNER,W CONCORD,MA,01742,2596
d5379a0c-d138-48d4-9ef5-13649fae0eb0,cb6a50e0-af76-3758-99ad-3200ede03fff,Macie Bauch,F,GENERAL PRACTICE,330 BROOKLINE AVENUE,BOSTON,MA,02215,975
935fc8ba-d4cd-463c-b593-1b46dec9da8f,9a7149fa-49fc-3c87-b935-d29c55808717,Jeri Hansen,F,GENERAL PRACTICE,125 PARKER HILL AVENUE,BOSTON,MA,02120,1389
fca516d9-908b-4414-b545-dcdcbfdb048d,24cb4eab-6166-3530-bddc-a5a8a14a4fc1,Wynell Olson,F,GENERAL PRACTICE,14 PROSPECT STREET,MILFORD,MA,01757,2942
d9bb7196-53c6-426b-8a7b-a28d1faca4aa,e44f438a-601b-30fb-85eb-bfaf8ddcb5ad,Shauna Lindgren,F,GENERAL PRACTICE,242 GREEN STREET,GARDNER,MA,01440,1603
f83e0168-d89e-404c-99bc-37b22df14a09,ac8356a5-78f8-3a63-8a1e-59e832fd54e7,Rex Bode,M,GENERAL PRACTICE,200 GROTON ROAD,AYER,MA,01432,2129
649fb54b-2f3b-49a0-979a-eb66c7720810,db0acede-4abe-3c01-8d03-5c68a190d8c7,Deidre Hoeger,F,GENERAL PRACTICE,55 FOGG ROAD,SOUTH WEYMOUTH,MA,02190,763
fdb29523-c6c6-48d4-9971-6ce8bd03bf7a,3d10019f-c88e-3de5-9916-6107b9c0263d,Rebecca Labadie,F,GENERAL PRACTICE,2014 WASHINGTON STREET,NEWTON,MA,02462,2802
41589264-cb80-4f48-a36c-f97340cd27ff,f4e7709c-02f6-37ca-aeea-8247d74e88e7,Andre Schneider,M,GENERAL PRACTICE,41 HIGHLAND AVENUE,WINCHESTER,MA,01890,3529
c2d2ce82-7211-4aac-87fc-e88d839d8259,12c9daf5-a29c-36c9-ac55-28972463e566,Charisse Heathcote,F,GENERAL PRACTICE,199 REEDSDALE ROAD,MILTON,MA,02186,1049
972a30c6-d13f-46c2-9849-2489673cf333,27379046-608b-32f0-9df7-8c833cf5d11d,Willis Emard,M,GENERAL PRACTICE,75 FRANCIS STREET,BOSTON,MA,02115,1938
bc524adf-35f8-46e2-8754-f2c3481871c1,226098a2-6a40-3588-b5bb-db56c3a30a04,Cedrick Runte,M,GENERAL PRACTICE,235 NORTH PEARL STREET,BROCKTON,MA,02301,3065
e5be2164-62c2-47df-8f54-5c46f7211e4a,b7175ab4-bde5-3848-891b-579bccb77c7c,Georgann Beer,F,GENERAL PRACTICE,800 WASHINGTON STREET,BOSTON,MA,02111,1250
e4b5bf87-6906-4ef6-8106-04a4d79337e0,d733d4a9-080d-3593-b910-2366e652b7ea,Blake Deckow,M,GENERAL PRACTICE,1153 CENTRE STREET,BOSTON,MA,02130,909
71a0620a-c10d-4013-8e82-12c409a0c256,3bd5eda0-16da-3ba5-8500-4dfd6ae118b8,Monica Kshlerin,F,GENERAL PRACTICE,800 WASHINGTON STREET,NORWOOD,MA,02062,3432
4691119e-8031-4fdd-a986-1f482eb7e766,d5117822-5756-389d-9547-891a372d580f,Johnson Schmitt,M,GENERAL PRACTICE,67 & 100 TER HEUN DRIVE,FALMOUTH,MA,02540,4082
9c474b1e-27c8-4c5b-a368-ecd410820a34,f99c74cc-7d1a-3f95-9a33-4a9357bf2f2a,Elroy Brakus,M,GENERAL PRACTICE,55 LAKE AVENUE NORTH,WORCESTER,MA,01655,1218
2b61baee-4d46-4446-bd58-94500f80f49f,6f122869-a856-3d65-8db9-099bf4f5bbb8,June Kassulke,F,GENERAL PRACTICE,41 & 45 MALL ROAD,BURLINGTON,MA,01803,2490
27917533-8363-4d14-b608-c4594c4afc7d,465de31f-3098-365c-af70-48a071e1f5aa,Elizbeth Ratke,F,GENERAL PRACTICE,115 LINCOLN STREET,FRAMINGHAM,MA,01701,2373
dc0f3300-389b-4b67-b6a8-9a9d6ea3da9c,1eaf97fa-9de6-38de-a9c4-6efe5dc574be,Quentin Beahan,M,GENERAL PRACTICE,123 SUMMER STREET,WORCESTER,MA,01608,1316
b865a2e4-a2de-460c-a34b-cdd5c0a33b50,80e919cc-df1a-3838-b75e-541564a286e5,Javier Garrido,M,GENERAL PRACTICE,57 PROSPECT STREET,NANTUCKET,MA,02554,567
08306583-1aed-4a13-9054-a01a75009ec8,8e00f524-3a5f-313e-9542-378dfc61193f,Ned Pagac,M,GENERAL PRACTICE,ONE HOSPITAL ROAD  FIRST FL  WING 5   PO BOX 1477,OAK BLUFFS,MA,02557,511
a62a8bf9-ccc3-4c29-bece-52c5c9fb8c90,56e0b3b3-4fac-3776-8fc9-7b465eb2fc17,Albina Rosenbaum,F,GENERAL PRACTICE,29 LEWIS AVENUE,GREAT BARRINGTON,MA,01230,259
6121d0cc-7fec-43e5-a467-656705abe38f,161a799c-4894-36f6-8ca7-2a71c8107f79,Lilliana Brakus,F,GENERAL PRACTICE,2033 MAIN STREET,ATHOL,MA,01331,959
d0e0a3a2-c387-44e5-9d17-9c60bca02148,956ccb85-bea0-30f9-af48-52f5dd95ff72,Waldo Deckow,M,GENERAL PRACTICE,30 WARREN STREET,BRIGHTON,MA,02135,905
f788ff22-090a-4249-9807-c91cc4fe2e2c,d7b11827-25f2-350b-bcd8-939fc59851b0,Levi Reichert,M,GENERAL PRACTICE,300 LONGWOOD AVENUE,BOSTON,MA,02115,1551
c2ad6719-b93f-4a21-ae96-7f15a24ab654,5103c940-0c08-392f-95cd-446e0cea042a,Terrance Schultz,M,GENERAL PRACTICE,516 CAREW STREET,SPRINGFIELD,MA,01104,1210
c5dd6a21-a228-4007-869c-37b9551e0583,ff9863d3-3fa3-3861-900e-f00148f5d9c2,Aubrey Corkery,M,GENERAL PRACTICE,51 BLOSSOM STREET,BOSTON,MA,02114,1140
2c969dcb-8bb5-4f88-95a0-b7b2360744b6,829a88e4-565e-3a38-a0a6-94ade6404a38,Malisa Nikolaus,F,GENERAL PRACTICE,140 NAUSET STREET,NEW BEDFORD,MA,2746,156
274fc5bb-60e1-45a4-8a72-d024029fd9e6,92819cdc-db9e-387e-8c4f-4b2b4e8b2e4f,Leanne Moen,F,GENERAL PRACTICE,1230 BRIDGE STREET,LOWELL,MA,1850,2
c402de62-063b-4fa8-af5d-f97db128a981,0d1563c1-d56c-362e-9e3d-d74463ebbe0f,Hannah Pfannerstill,F,GENERAL PRACTICE,629 PLEASANT STREET,BROCKTON,MA,2301,8
c62b0188-3bf9-4fad-9da1-376555112538,4e916854-3a59-3f17-bb16-7c406148d822,Gene O'Conner,M,GENERAL PRACTICE,1399 WASHINGTON STREET,HANOVER,MA,2339,38
260ded2c-601f-4f9c-90ae-50b0a8f29bf7,a76bda1d-f42d-3046-b8c6-021f3db0a086,Brenna Wehner,F,GENERAL PRACTICE,808 MAIN STREET,WALTHAM,MA,2451,56
7417e642-90f4-420f-a6cd-686f40ffad5f,c63d0602-724d-3d74-958a-a31b1364eaef,America Turner,F,GENERAL PRACTICE,111 GROSSMAN DRIVE,BRAINTREE,MA,2184,27
d1a7d54d-ff40-4e53-b639-ee27ba670545,cbbee84d-7644-3b24-9f41-e3747f5050df,Elizabeth Mraz,F,GENERAL PRACTICE,26 QUEEN STREET,WORCESTER,MA,1610,2
a98d2c4c-dad1-4b5c-ac4d-46c66eaaa4dc,e3f1676b-9b40-3544-af4e-17a06bbb98bb,Danica McGlynn,F,GENERAL PRACTICE,637 WASHINGTON STREET,DORCHESTER,MA,2124,1
d34dafb7-0e1c-4c4d-8e8b-d6a1f59afd53,a43fb751-96fe-3496-8750-73f85651866d,Albertine Orn,F,GENERAL PRACTICE,66B CONCORD STREET,WILMINGTON,MA,1887,23
5d033efd-59d2-45c7-9550-d43679f0048d,b81688f5-bd0e-3c99-963f-860d3e90ab5d,Lillian Anderson,F,GENERAL PRACTICE,581 BOYLSTON STREET,BOSTON,MA,2116,63
8c40920f-8586-4adb-b7d7-d2330d689a5d,d672f853-e2a5-324e-98fa-c6d5f8dfc255,Merle Powlowski,M,GENERAL PRACTICE,9 HOPE AVENUE,WALTHAM,MA,2453,8
bf3cb33f-a3eb-4a82-a593-9f47d3148980,98d42012-384f-39d9-b210-cc654b9441f6,Brain Haley,M,GENERAL PRACTICE,525 LONG POND DRIVE,HARWICH,MA,2645,136
f8439f29-69ac-4c9c-aa13-7b4c5ac9b60a,b06770b5-b695-3c1a-9685-ae2223966ff7,Royal Balistreri,M,GENERAL PRACTICE,66 SOUTH WASHINGTON STREET,NORTH ATTLEBORO,MA,2760,60
0ad4826f-b62e-4a73-866e-6ef0c13bc7e1,9b5f23f1-c387-3a77-9359-752d26d7f997,Maudie Kirlin,F,GENERAL PRACTICE,250 PARADISE ROAD,SWAMPSCOTT,MA,1907,108
f254603a-7478-43fb-9b27-cd5fa504039d,0f7f97f6-693c-3de9-8190-85feaf4632e2,Gregg Johns,M,GENERAL PRACTICE,1 HARBORSIDE DRIVE,EAST BOSTON,MA,2128,142
ea913ef1-2260-44f3-b59d-929003896fc7,90cf148c-69ed-3d33-aa86-b509c6b0b25f,Isadora Konopelski,F,GENERAL PRACTICE,170 GOVERNORS AVENUE,MEDFORD,MA,2155,158
